symbol,_priceFormat,_priceFormatType,_tickSize,buyFillId,sellFillId,qty,buyPrice,sellPrice,pnl,boughtTimestamp,soldTimestamp,duration
NQH6,-2,0,0.25,437032170048,437032170035,1,24682.25,24681.75,$(10.00),03/13/2026 19:41:25,03/13/2026 19:41:14,10sec
NQH6,-2,0,0.25,437032170048,437032170026,1,24682.25,24679.75,$(50.00),03/13/2026 19:41:25,03/13/2026 19:41:13,11sec
NQH6,-2,0,0.25,437032170048,437032170017,1,24682.25,24680.25,$(40.00),03/13/2026 19:41:25,03/13/2026 19:41:13,11sec
NQH6,-2,0,0.25,437032170048,437032170007,1,24682.25,24677.25,$(100.00),03/13/2026 19:41:25,03/13/2026 19:40:45,39sec
NQH6,-2,0,0.25,437032170083,437032170074,1,24682.00,24673.75,$(165.00),03/13/2026 19:46:25,03/13/2026 19:42:20,4min 5sec
NQH6,-2,0,0.25,437032170083,437032170065,1,24682.00,24668.25,$(275.00),03/13/2026 19:46:25,03/13/2026 19:42:14,4min 11sec
NQH6,-2,0,0.25,437032170124,437032170114,1,24676.75,24646.25,$(610.00),03/13/2026 19:50:07,03/13/2026 19:47:46,2min 21sec
NQH6,-2,0,0.25,437032170124,437032170105,1,24676.75,24657.25,$(390.00),03/13/2026 19:50:07,03/13/2026 19:46:53,3min 13sec
NQH6,-2,0,0.25,437032170124,437032170096,1,24676.75,24655.00,$(435.00),03/13/2026 19:50:07,03/13/2026 19:46:53,3min 14sec
