Position ID,Timestamp,Trade Date,Net Pos,Net Price,Bought,Avg. Buy,Sold,Avg. Sell,Account,Contract,Product,Product Description,_priceFormat,_priceFormatType,_tickSize,Pair ID,Buy Fill ID,Sell Fill ID,Paired Qty,Buy Price,Sell Price,P/L,Currency,Bought Timestamp,Sold Timestamp
437032170012,03/13/2026 19:50:07,2026-03-13,0,,9,24680.36,9,24668.83,TDFYSL50399172438,NQH6,NQ,E-Mini NASDAQ 100,-2,0,0.25,437032170053,437032170048,437032170007,1,24682.25,24677.25,-100.00,USD,03/13/2026 19:41:25,03/13/2026 19:40:45
437032170012,03/13/2026 19:50:07,2026-03-13,0,,9,24680.36,9,24668.83,TDFYSL50399172438,NQH6,NQ,E-Mini NASDAQ 100,-2,0,0.25,437032170054,437032170048,437032170017,1,24682.25,24680.25,-40.00,USD,03/13/2026 19:41:25,03/13/2026 19:41:13
437032170012,03/13/2026 19:50:07,2026-03-13,0,,9,24680.36,9,24668.83,TDFYSL50399172438,NQH6,NQ,E-Mini NASDAQ 100,-2,0,0.25,437032170055,437032170048,437032170026,1,24682.25,24679.75,-50.00,USD,03/13/2026 19:41:25,03/13/2026 19:41:13
437032170012,03/13/2026 19:50:07,2026-03-13,0,,9,24680.36,9,24668.83,TDFYSL50399172438,NQH6,NQ,E-Mini NASDAQ 100,-2,0,0.25,437032170056,437032170048,437032170035,1,24682.25,24681.75,-10.00,USD,03/13/2026 19:41:25,03/13/2026 19:41:14
437032170012,03/13/2026 19:50:07,2026-03-13,0,,9,24680.36,9,24668.83,TDFYSL50399172438,NQH6,NQ,E-Mini NASDAQ 100,-2,0,0.25,437032170088,437032170083,437032170065,1,24682.00,24668.25,-275.00,USD,03/13/2026 19:46:25,03/13/2026 19:42:14
437032170012,03/13/2026 19:50:07,2026-03-13,0,,9,24680.36,9,24668.83,TDFYSL50399172438,NQH6,NQ,E-Mini NASDAQ 100,-2,0,0.25,437032170089,437032170083,437032170074,1,24682.00,24673.75,-165.00,USD,03/13/2026 19:46:25,03/13/2026 19:42:20
437032170012,03/13/2026 19:50:07,2026-03-13,0,,9,24680.36,9,24668.83,TDFYSL50399172438,NQH6,NQ,E-Mini NASDAQ 100,-2,0,0.25,437032170129,437032170124,437032170096,1,24676.75,24655.00,-435.00,USD,03/13/2026 19:50:07,03/13/2026 19:46:53
437032170012,03/13/2026 19:50:07,2026-03-13,0,,9,24680.36,9,24668.83,TDFYSL50399172438,NQH6,NQ,E-Mini NASDAQ 100,-2,0,0.25,437032170130,437032170124,437032170105,1,24676.75,24657.25,-390.00,USD,03/13/2026 19:50:07,03/13/2026 19:46:53
437032170012,03/13/2026 19:50:07,2026-03-13,0,,9,24680.36,9,24668.83,TDFYSL50399172438,NQH6,NQ,E-Mini NASDAQ 100,-2,0,0.25,437032170131,437032170124,437032170114,1,24676.75,24646.25,-610.00,USD,03/13/2026 19:50:07,03/13/2026 19:47:46
